0,"RT  What #programming language should you learn first?
üíªüìàüìäü§î

H/T  üëè

#STEM #Coding #Rstats #Java #python #IoT #C #php #B‚Ä¶ "
0,Using SQL Service Broker for asynchronous external script (R / #Python) execution in OLTP‚Ä¶  
0,RT  An interesting and useful pattern for those using #SQLServer #MachineLearning Services for #RStats and / or #Python  
0,RT  AutoML Framework:  #Python #MachineLearning #pandas 
0,"How to Integrate #Python and #R with #SQLServer 2017.

&gt;&gt;   "
0,Tell u what #technologies were developed using #Python? What are your favorites? #SaaS #ML #programming  
0,RT  Why we switched from Python to Go  #Python #GoLang #MachineLearning #DeepLearning #Programming #microserv‚Ä¶ 
0,"new idea to tackle some of my problems, thanks  team, using asynchronous #rstats or #python in  #sqlserver  "
0,An interesting and useful pattern for those using #SQLServer #MachineLearning Services for #RStats and / or #Python  
1,"RT  Learning Path: Python: Design and Architect Python Apps

‚òû  #Pythontutorial #PythonApps ht‚Ä¶ "
1,"From 0 to 1 : Spark for Data Science with Python
‚òû  #spark #DataScience #python  "
1,"Profiting from Python &amp; Machine Learning in the Financial Markets

‚òû   "
1,Markov Models: Definitive Guide To Understanding Unsupervised Machine Learning In Py   #learning #python  
1,RT  Machine Learning: Hands-On #Python &amp; R In Data #Science   
1,"RT  From 0 to 1 : Spark for Data Science with Python
‚òû  #spark #DataScience #python  "
1,"Real World Spark 2 - Interactive Python pyspark Core
‚òû  #BigData # Spark2‚Ä¶  "
1,"RT  Profiting from Python &amp; Machine Learning in the Financial Markets

‚òû  #MachineLearning http‚Ä¶ "
1,Spark Graphx In Action   #machine #learning #python  
1,"RT  AWS Machine Learning: A Complete Guide With Python
‚òû  #Python #Hadoop #Tableau #‚Ä¶ "
1,"From 0 to 1 : Spark for Data Science with Python
‚òû   "
1,We're learning things! #Python  
1,Machine Learning With Python: The Basics   #machine #learning #python  
2,"RT  Learning Path: Python: Predictive Analysis with Python

‚òû  #pythontutorial #Pythonforbegin‚Ä¶ "
2,"RT  SQL Advanced
‚òû  #Python #Hadoop #Tableau #Bigdata  "
2,"SQL Advanced
‚òû  #Python #Hadoop #Tableau #Bigdata  "
2,"RT  21 Best Online Courses On #DataScience 

https://t.co/MqP4EYtLZe

#AI #DataScientist #IIoT #MachineLearning #IoT #Python #t‚Ä¶ "
2,Using bash in reproducible data-analysis pipeline with  #python  
2,RT  A simple neural network with #Python and Keras:  #abdsc #BigData #DataScience #MachineLearning #AI b‚Ä¶ 
2,"#BestPyhtonBook #Python for Data Analysis: Data Wrangling with Pandas, NumPy, and IPython #affiliate‚Ä¶  "
2,"RT  200+ SQL Interview Questions
‚òû  #Python #Hadoop #Tableau #Bigdata  "
2,"RT  RT:  (LearnDataSciece) SQL Advanced
‚òû   #Python #Hadoop #Tableau #http://Bigdatapic.twit‚Ä¶ "
2,"I've been toying with various #Python #DataScience tools, and it is a really powerful suite. Just install #Anaconda‚Ä¶  "
2,RT KirkDBorne: Tutorial to Learn #DataScience with #Python:  #abdsc #BigData #MachineLearn‚Ä¶  
2,RT  RT  Multiple pathway to learn #Python for #DataScience:   
2,RT  Tutorial to Learn #DataScience with #Python:  #abdsc #BigData #MachineLearning #Pandas by  
2,"RT  22 talk from #PyData 2017 | #DeepLearning, #MachineLearning &amp; #NLP #Python #BigData #DataScience  "
2,"22 talk from #PyData 2017 | #DeepLearning, #MachineLearning &amp; #NLP #Python #BigData #DataScience‚Ä¶  "
2,RT  #R or Python? Which to Choose for Data Analysis.  #analytics #bigdata #datascience #dataviz #python 
2,#R or Python? Which to Choose for Data Analysis.  #analytics #bigdata #datascience #dataviz #python 
2,"#Bigdata #python #hadoop #tableau MySQL for Beginners
‚òû   "
2,"Learn Risk Analysis, Evaluation &amp; Assessment - from A to Z
‚òû  #java #php  "
2,RT  Deep Learning: Artificial Neural Networks with #Python  #edtech #datascience #machinelearning #a‚Ä¶ 
3,"Open Systems Technologies is hiring in Chicago, IL #job #datascientist #cplusplus #python #buildengineer  "
3,"RT  Dice Demo Account is hiring a Software Developer in West Des Moines, IA #SoftwareDeveloper #Java #Python  "
3,"Dice Demo Account is hiring a Software Developer in West Des Moines, IA #SoftwareDeveloper #Java #Python  "
3,"RT  Projects In Python For Intermediate :Build Python Projects

‚òû  #pythontutorial #Pythonforb‚Ä¶ "
3,keepluggable 0.6.0 #Python  via  
3,"Open Systems Technologies is hiring in Princeton, NJ #job #python #cplusplus #java   "
3,Long Term #contract role (3-5 year project): #Python Developer wanted in London:  #fullstack #development 
3,"Open Systems Technologies is hiring in New York, NY #job #kdb #python #cplusplus #java   "
3,10 book Python developer should be reading via  #Python  conversation for passionate developer  
3,"RT  Cypress YellowBelly Male Ball Python by Medusa's Morphs, $2350 #python #herps #reptile #pet #reptiles #morph #pets  "
3,"Python Tutorial for Beginners ‚Äì From the basic to advanced topics

‚òû   "
3,"Open Systems Technologies is hiring in New York, NY #job #kdb #python #bigdata #java #html #electronictrading  "
3,RT  That code is not going to test itself #Python #Django  
3,RT  changeme - A Default Credential Scanner  #changeme #FTP #Linux #Mac #MongoDB #MSSQL #Nmap #Python #Sca‚Ä¶ 
3,"Open Systems Technologies is hiring in New York, NY #job #UNIX #python #developer #PERL #jenkins  "
3," Hey I am in Dublin, hope to see you with a good beer ;-) #guinness power ;-) #python "
3,Our thanks to  for their Visitors sponsorship again this year! Thank you for supporting #PyTN2018 and the global #Python community! 
3,"Open Systems Technologies is hiring in Greenwich, CT #job #cloud #python #java #scala   "
3,About to learn the 5 language to free myself: #python #C #Java #Perl and #Lisp. 
3,Utiliza #Python con tu #Arduino: Arduino and Python  via Playground Arduino 
3,"RT  Complete Java Masterclass
‚òû  #python #tableau  "
3,"HI Digital Solutions, LLC is hiring a remote Agile Engineer #remote #job #javascript #python #rest  -&gt;  "
3,"Learn Python, the Swiss Army knife of coding #python #elearning  "
3,"RT  MongoDB and Python: Quick start

‚òû  #pythontutorial #Mongodb  "
3,"RT  Blog post on how Python and mathematics can be applied to analyse Westeros üêçüíª‚ùÑÔ∏èüî• #python #networks #gameofthrone 

https:‚Ä¶ "
3, ha a great #job for someone who love #Python &amp; #network data  #dev #hiring‚Ä¶  
3,RT  #Twisted #Python Persistant protocol state is kept in Factory 
3,The Python Graph Gallery  via  #measure #dataviz #python &lt;- This is a great resource. 
3,#Twisted #Python Persistant protocol state is kept in Factory 
3,"Can you recommend anyone for this #job? Python Developer -  #Python #Relocate #NYC #SiliconValley #IT #StLouis, MO "
3,Aug 17 game and fuck up  #elite:dangerous #Playstation #wardner #Ubuntu #fuckup #Python #Script #Elite #retro #blog 
3,"#Python game; Why can't I re-call my input and if/else function?
#Tech #News #HowTo
https://t.co/B5B8nkJDFm "
3,RT  Why #Django #Framework Continues to Reign the #Python üêç #Development World  Check Here- üèÄ   #AWS‚Ä¶ 
3,Why #Django #Framework Continues to Reign the #Python üêç #Development World  Check Here- üèÄ   #AWS #webdev #flask #tech 
3,"GISbiz Inc is hiring in Seattle, WA #job #database #python  "
3,Creating a Unit Test in Python #python #sonarcloud #coverage   
3,#Python Digest is out!  Stories via  #django 
3,"We have a client in #Halifax that need #Django #Python App Dev work, please PM for detail "
3,Shell Scripting Twitter's Bot. #TwitterBot #Python #Twitter #willsznet   
3,"1. Tweet about #Python.
2. Check Inbox.
3. Profit. üí∞üí∞
ü§£üòú  "
3,This Hours Photo: #weather #minnesota #photo #raspberrypi #python  
3,"#TIL of joblib, an easy way to cache #python function output.  "
3,RT  MatchingTools: a Python library for symbolic effective field theory calculation  #Python 
3,UPDATE - Ida Pro IFL - Interactive Functions List by   via  #infosec #python 
3,PROUDCLOUD: Full Stack + Deep Tech  #data_science #python  
3,"#Python `socket.getaddrinfo` taking 5 second about 0.1% of requests
#Tech #News #HowTo
https://t.co/z6iXKXFbja "
3,Test-driven Development With Python   #django #python  
3,MatchingTools: a Python library for symbolic effective field theory calculation  #Python 
3,"RT  Let's cover how function work in #Python from the perspective of a #PowerShell guy,   "
3,RT  The #twitter pulse of #Berlin. made with #python and #ArcGIS. #geodev   
3,RT  #Python &amp; #ArangoDB post for all our Portuguese-speaking friends. Big thanks to  #no‚Ä¶ 
3,OK .. so i get to learn #Python today. That wa unexpected. 
3,"Are you a #python powerhouse with a passion for #healthcareIT, #crowdsourcing or #DigitalHealth?   Tx  "
3,RT  It‚Äôs the ‚Äúmost wanted‚Äù language by developer this year - Here are some of the best resource to learn #Python.  
3, See frozenset. Sets aren‚Äôt hashavle for the same reason a ducts. #python 
3,Python Implement Breadth-First Search  #python 
3,#Python for beginner from #Microsoft Virtual Academy  
3,RT  Hacking Rss And Atom (extremetech)   #software #development #python  
3,"Reason 8 for hating #Python :  ""None"".  Really?  null or NULL or nil wa too mainstream for you?  #geekfrustration "
3,RT  Advanced Ansible Tutorial  #ansible #devops #software #python #business #howto #automation #futu‚Ä¶ 
3,"Creating Dynamic Applications with Django and Backbone.js
https://t.co/6VevkQVej0
2012-09-04
@PyvideoOrg
#python  "
3,"RT  The Complete Ethical Hacking Course: Beginner to Advanced!
‚òû  #hadoop #python #sql #mongd‚Ä¶ "
3,"#Python finding maximum cross correlation of two images
#Tech #Internet #Question #HowTO
https://t.co/ShCeLsIOmy "
3,"#Python MySQLdb query to search multiple partial keywords
#Tech #Internet #Question #HowTO
https://t.co/I7HLBRDJvM "
3,"The Most Complete Product Marketing Course
‚òû  #java #php  "
3,"The Complete Ethical Hacking Course: Beginner to Advanced!
‚òû  #hadoop #python #sql‚Ä¶  "
3,A Concise Introduction To Programming In Python (chapman &amp; Hall/crc Tex   #software #development #python  
4,"RT  Programming Best Practices
#reactjs #javascript #angular #python #java #php #rails #ruby #css #100daysofcode
https://t.co/hLd‚Ä¶ "
4,"RT  The Python Interview |Become a highly paid python developer
‚òû  #django #flask #webdev #‚Ä¶ "
4,Learning Penetration Testing With Python here   #python #programming  
4,RT  Learn #Linux and #Python skill needed for #environmental #science. Limited spaces. For #PhD and #ECRs.  
4,"Complete Python Programming with example for beginners

‚òû   "
4,"flask-redis-queue - Example of how to handle background process with #Flask, #Redis Queue, and Docker.  #python "
4,"RT  Data Science: Supervised Machine Learning in Python
‚òû  #django #flask #programming htt‚Ä¶ "
4,"Programming Best Practices
#reactjs #javascript #angular #python #java #php #rails #ruby #css #100daysofcode
https://t.co/hLdwqjV7YI "
4,Hmm an opportunity to utilize #git pre-commit hooks! üé£ü§î #programming #style #feedback #python 
4,"RT  #Full-stack single page #application with #Vuejs and #Flask #Python 
https://t.co/eVqrwHrMXA‚Ä¶ "
4,"Python: Beginner's Guide To Programming Code With Python (python, Javascript, Java,    #learning #python  "
4,"Python: Beginner's Guide To Programming Code With Python (python, Javascrip   #machine #learning #python  "
4,Python in Climate Science [talk python]  #Python   submitted by   /u/mikeckennedy[link]   [comments] 
4,RT  For people interested in how to work with #geospatial data within a #python envir. Good #jupyter notebooks.  
4,RT  #Python is the fastest growing programming language due to a feature you've never heard of  Good histor‚Ä¶ 
4,RT  Why we switched from Python to Go  #golang #Python #Programming #Trending 
4,Why we switched from Python to Go  #golang #Python #Programming #Trending 
4,Working myself into habit of getting #programming feedback from #pylint. #Python 
4,"Zero to Deep Learning‚Ñ¢ with Python and Keras
‚òû  #django #flask #programming  "
4,"Data Science: Supervised Machine Learning in Python
‚òû  #django #flask #programming  "
4,"30 Days of Python | Unlock your Python Potential
‚òû  #science #python #tableau #sql #R  "
4,"Python Beyond the Basics - Object-Oriented Programming
‚òû   "
4,"RT  Taming Big Data with Apache Spark and Python - Hands On!
‚òû  #django #flask #programmin‚Ä¶ "
4,"Taming Big Data with Apache Spark and Python - Hands On!
‚òû  #django #flask‚Ä¶  "
4,"C, C++, Python and Ruby Programming
‚òû  #Python #Hadoop #Tableau #R  "
4,"The Complete Python Masterclass: Learn Python From Scratch
‚òû  #programming‚Ä¶  "
4,"RT  Python for Data Science and Machine Learning Bootcamp
‚òû  #django #flask #programming https‚Ä¶ "
4,"Complete Python Web Course: Build 8 Python Web Apps
‚òû  #programming #developer‚Ä¶  "
