0,if you need help to go to pycon    python comunity awesome  
0,embedded interop between clojure r and python with graalvm awesome a dynamic world it is   
0,debug python code   by akshay need a developer to help me debug some python code  
0, alumnus encouraged to join this course it will help you develop your python skill   
0,"   the  project can use some help updating django dependencies

python opensou "
0," the  project can use some help updating django dependencies

python opensource webdev "
0," the  project need help updating their django dependencies

python opensource webdev "
0,"the python bible  everything you need to program in python
 python  "
1,  explore world of python for deeplearning machine learning with these excellent talk from    amsterdam h 
1,"  the python graph gallery useful for discovering and learning how to code dataviz in python

 h "
1,advanced analytics with spark pattern for learning from data at scale   machine learning python pythonbot_ 
1,"   cheatsheet   
ai machinelearning bigdata datascience iot computervision nlp python bigdata ten "
1," cheatsheet   
ai machinelearning bigdata datascience iot computervision nlp python  "
1,"  machine learning  fun and easy using python and keras

 python machinelearning tensorflow http "
1,"  machine learning for beginner  deep dive
 data_science python hadoop tableau r  "
1,"  ai_devrmachine learning  fun and easy using python and keras

  python machinelearning httptensorf "
1,  the doctor is in  take care of yourself selfmanagement ai blockchain womenintech python rnn mondaymotivation gpu o 
1,"  neat early prototype of dataframes that  continuous streaming data python datascience

 "
1,  top  python library for data science in   datascience python    
1,"project in python for intermediate build python projects
 datascience bigdata  "
1,"machine learning  fun and easy using python and keras

 python machinelearning  "
1,"php amp mysql  learn the easy way master php amp mysql quickly
 datascience python  "
1,"the complete ethical hacking course  python amp kali linux
 datascience bigdata  "
1,"  an anecdotic tour of programming language w  bigdata machinelearning computerscience ai python 
https "
1,learning python application development   learning python pythonbot_ 
1,machine learning for absolute beginner a plain english introduction seco   machine learning python pythonbot_ 
1,"skikitimage image processing for scipy
imageprocessing python datascience machi  "
1,"zero to deep learning with python and keras
 python  "
1,"python datascience django linked list data structure using python
   "
1,"  learn and master c programming for absolute beginners
 bigdata hadoop python sql mongdb m "
1,"  deep extreme multilabel learning for xml bigdata deeplearning machinelearning datascience ai xml python
 "
1,"practical deep learning with pytorch
 data_science python hadoop tableau r  "
1,"build complete cm blog in php mysql bootstrap from scratch
 datascience python tableau  "
1,"learn how to  excel data to xml from scratch
 python java php  "
1,"learn and master c programming for absolute beginners
 bigdata hadoop python sql  "
1,   intelligence with python ai python  
1,  look at cleverhans python library benchmark machinelearning system vulnerability to adversarial example odsc  
1,"fundamental of business analysis
 python machinelearning datasciecne  "
1,"  python step into the world of machine learning

 python machinelearning  "
1,python deeper insight into machine learning   machine learning python pythonbot_ 
1,  the rise of trump  python code data datascience panda learn 
1,"  an introduction to deep learning with rapidminer bigdata deeplearning machinelearning datascience ai python
https "
1,"business analysis fundamentals
 python datascience deeplearning  "
1,"essential of data science
 datascience bigdata deeplearning python tableau  "
1,"learning path sql up and running with sql server 
 python django flask webdev  "
1,"google analytics take a data driven approach to growth
 python datascience  "
1,"  recurrent neural network tutorial   bigdata deeplearning machinelearning datascience ai python theano
https "
1,"  taming big data with apache spark and python  hand on
 python bigdata django  "
1,  another free api close the door to open access for  programmer   python data datascience 
1,"taming big data with apache spark and python  hand on
 python bigdata django  "
1,"python datascience django the python interview become a highly paid python developer
   "
2,"python store data from file to variables
tech internet question howto
 "
2,the latest the statistic specialist  python 
2,  take the journey how python developer can add shopping  amp custom inventory search into a chatbot   
2,"  why would a sqlserver dba be interested in python
by  via  "
2,ever wanted your python to run even more like greased lightning   speeding up python with cython  python cython 
2,this hour photo weather minnesota photo raspberrypi python  
2,  graph amp  on realtime python metric and correlate with data from  other technology across your stack http 
2,  learn how to deploy flask  docker on amazon aws gtgt  python deployment 
2,"  rico cheatsheets
apps texte_ditor atom sublimetext
es reactjsvuejs bootstrap python
dev 
https "
2,  the presummit handson workshop have begun here at devsummit europe in berlin j python developer  
2,"pythonusing same varname in function and then access via function name
tech internet question howto
 "
2,"   im pleased to annouce the launch of the python graph gallery 

  in  dat "
2,"  a gentle introduction to the math that make the beautiful mandelbrot fractal  

and making yours with python

h "
2,  python and neoj training here in nyc along with  and   
2,  one for the geologist loading wireline welllog data in x line of python gtgt  geoscience petro 
2,raspberry pi facial landmark  drowsiness detection with opencv and dlib  python  
2,  neural network for  by  via   python neuralnetwork 
2,  hacking r and atom extremetech   software development python pythonbot_ 
2,this python ha a pumpkin on it back via   
2,  read here top  technology javascript python development blog  thanks to  
2,read here top  technology javascript python development blog  thanks to  
2,  in seattle love  amp into python join  at the holy grail fundraiser next week  
2,one for the geologist loading wireline welllog data in x line of python gtgt  geoscience petrophysics 
2,in seattle love  amp into python join  at the holy grail fundraiser next week  
2,"complete amp practical sa statistic amp data analysis course
 python django flask  "
2,"beginner to advanced  how to become a data scientist
 data_science python hadoop  "
2,how do you fire a model classmethod in django admin when saving a model instance python  
2,"ethical hacking complete course   kali and python
 python  "
2,"linked list data structure using python
 python  "
2,complete data science training with python for data analysis  udemyforbiz  
2,  shard  step hue tris  generative geometric  python bot  
2,shard  step hue tris  generative geometric  python bot  
2,the latest the schoolcoders daily  thanks to    python raspberrypi 
2,  a complete beginner guide to django    by   django python 
2,"python installer x  user cancelled installation
tech internet question howto
 "
2,join the envision team see our latest job opening here  python relocate nyc siliconvalley it stlouis mo 
2,"  python x for computer vision

 python python  "
2,complete data science training with python for data analysis online course now  discounted check coupon  
2,"design pattern in c and net
 python ruby mongodb  "
2,"  python game development  creating a snake game from scratch

 python pythondevelopment http "
2,"fundamental of business analysis
 python django flask webdev development  "
2,"  python testing with green

 python pythonprogramming  "
2,"  building a production ecommerce with react  redux
 python ruby mongodb  "
2,"  the best pinterest seo course of all time
 java angular rubyonrails php python javascri "
2,  automating gi with python great course  
2,"  the python interview become a highly paid python developer

 python pythondevelopment htt "
2,"python installer x  user cancelled installation
tech news howto
 "
2,  kmeans amp other clustering algorithm a quick intro with python   
2,gisbiz inc is hiring in seattle wa job database python  
2,"quick structure format question  python 

hi guys

i am querying a result set and the result set is being stored  "
2,"typped a python framework for pratt parsing with preconditioned dispatching and optional type  python 

this is  "
2,pythonweekly a complete beginner guide to django    by vitorfs  django python 
2,a complete beginner guide to django    by   django python 
2,  raspberry_pi  facial landmark  drowsiness detection with opencv and dlib  python  
2,"  python programming for network engineer cisco netmiko 

 python pythonprogramming htt "
2,i really would love it if my code would text me when it throw an error any idea python jupyter coding 
2,  devops share file with    share python falconframework knockoutjs 
2,  devops command line tool for sharing file  python falconframework knockoutjs 
2,"  project in django learn django building projects

 python learndjango pythonprogramming "
2,"python flask with request library internal server error
tech internet question howto
 "
2,"python flask with request library internal server error
tech news howto
 "
2,"wordpress essenstials  ecommerce website  dropshipping
 data_science python hadoop  "
2,"  best python library of 

 python pythonprogramming  "
2,"photoshop beginner mastery zero to hero in photoshop
 data science python tableau sql r "
2,"python x for computer vision
 node nodejs python  "
2,"   to finish unity game and python coding

 pythoncoding python unitygames  "
2,"  tweetme  build a twitterlike app step by step with django

 python  learndjango  "
2,"  linked list data structure using python

 python pythonprogramming  "
2,"the best pinterest seo course of all time
 java angular rubyonrails php python  "
2,oaweek  here a python implementationinterpretation of the mist imaging stress task for  if anyone is interested 
2,"  learn python and django from scratch create useful projects

 python learndjango  "
2,  connecting to a remote instance of sqlserver using python   
2,got me googling python cucumber  bdd and now thinking about  and lunch ato 
2,"build insightful dashboard with google data studio
 python django flask webdev  "
2,"offensive python  mastering ethical hacking using python
 python django flask webdev  "
2,"have a nice day friend 
bugs fixed yeah
requirejs jquery datatable python  "
2,"spark and python for big data with pyspark
 python  "
2,connecting to a remote instance of sqlserver using python   
2,"php login and registration system  email confirm activation
 data science python  "
2,"arbitrage and amazon fulfillment by amazon fba program
 data science python tableau sql r "
2,"complete python web course build  python web apps
 python course  "
2,"python x for computer vision
 python  "
2,python and neoj training here in nyc along with  and   
2,  pythran  is out check out the release note of the python to cplusplus transpiler by serge guelton  
3,"  ida pro plugin maker added to python editor 
small video tutorial in few days
infosec python pyqt "
3,  interested in my new deeplearning and python book grab  page of sample chapter and table of content here http 
3,  in   created python now it the one of the most active programming language in the world   
3,interested in my new deeplearning and python book grab  page of sample chapter and table of content here  
3, python github detail year most popular programming language active project more  a  
3,"  nim a new option for optimizing inner loop pyg
by  video programming python
 "
3,"nim a new option for optimizing inner loop pyg
by  video programming python
 "
3,new perspective on computer concept  comprehensive   learning python pythonbot_ 
3,new job datascientist needed in london contact ethan to find out more or apply online today  
3,  finally i have a new blog post up finding and decoding malicious powershell script dfir python  
3,"  what programming language should you learn first


ht  

stem coding rstats java python iot c php b "
3,  happy monday check out this free collection of programming book  on csharp nodejs j git amp python  
3,"  python   programming for beginner 

 python python pythonprogramming  "
3,"python handon solve  problems
 python django flask programming  "
3,project based python programming for kid amp beginner   off  coupon for udemy course  
3,"  project in programming language  ruby python java

 python pythonprogramming  "
3,"  getting  with python bitcoin programming

 python pythonbitcoinprogramming  "
3,"  most common mistake python programming

 python pythonprogramming  "
3,"project in programming language  ruby python java
 data science python tableau  "
3,"python gui programming using tkinter and python 
 python django flask programming  "
3,"python datascience django
projects in programming language  ruby python java
   "
3,"python django getting  with python bitcoin programming
   "
3,"homebaked  raspberry pi  django home server
 python developer programming course  "
3,"  php oop object oriented programming for beginner  project
 datascience python tableau h "
3,  new nosql by  with better structure and filtering plus nodejs python golang sdks how did i miss that  
3,"php oop object oriented programming for beginner  project
 datascience python  "
3,new nosql by  with better structure and filtering plus nodejs python golang sdks how did i miss that  
0,  a complete beginner guide to django    by   django python 
0,how do you fire a model classmethod in django admin when saving a model instance python  
0,"   the  project can use some help updating django dependencies

python opensou "
0,"fundamental of business analysis
 python django flask webdev development  "
0," the  project can use some help updating django dependencies

python opensource webdev "
0,pythonweekly a complete beginner guide to django    by vitorfs  django python 
0,a complete beginner guide to django    by   django python 
0," the  project need help updating their django dependencies

python opensource webdev "
0,"  project in django learn django building projects

 python learndjango pythonprogramming "
0,"  tweetme  build a twitterlike app step by step with django

 python  learndjango  "
0,"  learn python and django from scratch create useful projects

 python learndjango  "
0,"build insightful dashboard with google data studio
 python django flask webdev  "
0,"offensive python  mastering ethical hacking using python
 python django flask webdev  "
0,"learning path sql up and running with sql server 
 python django flask webdev  "
1,python pythagoras the vary first pythonista p  and cython  get speed   
1,t  minute to the python midterm good luck  
1,embedded engineer  tester  automation bluetooth python  python  
1,"python store data from file to variables
tech news howto
 "
1,episode  python in climate science  check out the episode at  python  cloud devops  
1,learning scientific programming with python   learning python pythonbot_ 
1,mastering social medium mining with python   machine learning python pythonbot_ 
1,"  ida pro plugin maker added to python editor 
small video tutorial in few days
infosec python pyqt "
1,  explore world of python for deeplearning machine learning with these excellent talk from    amsterdam h 
1,"python store data from file to variables
tech internet question howto
 "
1,the latest the statistic specialist  python 
1,"  why would a sqlserver dba be interested in python
by  via  "
1,  in   created python now it the one of the most active programming language in the world   
1,ever wanted your python to run even more like greased lightning   speeding up python with cython  python cython 
1,this hour photo weather minnesota photo raspberrypi python  
1,  graph amp  on realtime python metric and correlate with data from  other technology across your stack http 
1,  learn how to deploy flask  docker on amazon aws gtgt  python deployment 
1,"  rico cheatsheets
apps texte_ditor atom sublimetext
es reactjsvuejs bootstrap python
dev 
https "
1,"pythonusing same varname in function and then access via function name
tech internet question howto
 "
1,"   im pleased to annouce the launch of the python graph gallery 

  in  dat "
1, python github detail year most popular programming language active project more  a  
1,advanced analytics with spark pattern for learning from data at scale   machine learning python pythonbot_ 
1,"   cheatsheet   
ai machinelearning bigdata datascience iot computervision nlp python bigdata ten "
1,"  a gentle introduction to the math that make the beautiful mandelbrot fractal  

and making yours with python

h "
1,"  what programming language should you learn first


ht  

stem coding rstats java python iot c php b "
1,  python and neoj training here in nyc along with  and   
1," cheatsheet   
ai machinelearning bigdata datascience iot computervision nlp python  "
1,  one for the geologist loading wireline welllog data in x line of python gtgt  geoscience petro 
1,raspberry pi facial landmark  drowsiness detection with opencv and dlib  python  
1,  neural network for  by  via   python neuralnetwork 
1,  hacking r and atom extremetech   software development python pythonbot_ 
1,"  machine learning  fun and easy using python and keras

 python machinelearning tensorflow http "
1,"  machine learning for beginner  deep dive
 data_science python hadoop tableau r  "
1,"  ai_devrmachine learning  fun and easy using python and keras

  python machinelearning httptensorf "
1,  the doctor is in  take care of yourself selfmanagement ai blockchain womenintech python rnn mondaymotivation gpu o 
1,this python ha a pumpkin on it back via   
1,embedded interop between clojure r and python with graalvm awesome a dynamic world it is   
1,  read here top  technology javascript python development blog  thanks to  
1,read here top  technology javascript python development blog  thanks to  
1,  in seattle love  amp into python join  at the holy grail fundraiser next week  
1,one for the geologist loading wireline welllog data in x line of python gtgt  geoscience petrophysics 
1,"  neat early prototype of dataframes that  continuous streaming data python datascience

 "
1,  top  python library for data science in   datascience python    
1,in seattle love  amp into python join  at the holy grail fundraiser next week  
1,"project in python for intermediate build python projects
 datascience bigdata  "
1,"complete amp practical sa statistic amp data analysis course
 python django flask  "
1,"machine learning  fun and easy using python and keras

 python machinelearning  "
1,"beginner to advanced  how to become a data scientist
 data_science python hadoop  "
1,"ethical hacking complete course   kali and python
 python  "
1,complete data science training with python for data analysis  udemyforbiz  
1,  shard  step hue tris  generative geometric  python bot  
1,shard  step hue tris  generative geometric  python bot  
1,"php amp mysql  learn the easy way master php amp mysql quickly
 datascience python  "
1,"the complete ethical hacking course  python amp kali linux
 datascience bigdata  "
1,"  an anecdotic tour of programming language w  bigdata machinelearning computerscience ai python 
https "
1,"  python   programming for beginner 

 python python pythonprogramming  "
1,the latest the schoolcoders daily  thanks to    python raspberrypi 
1,learning python application development   learning python pythonbot_ 
1,machine learning for absolute beginner a plain english introduction seco   machine learning python pythonbot_ 
1,"python handon solve  problems
 python django flask programming  "
1,"skikitimage image processing for scipy
imageprocessing python datascience machi  "
1, alumnus encouraged to join this course it will help you develop your python skill   
1,project based python programming for kid amp beginner   off  coupon for udemy course  
1,"python installer x  user cancelled installation
tech internet question howto
 "
1,"  project in programming language  ruby python java

 python pythonprogramming  "
1,join the envision team see our latest job opening here  python relocate nyc siliconvalley it stlouis mo 
1,"  python x for computer vision

 python python  "
1,"zero to deep learning with python and keras
 python  "
1,complete data science training with python for data analysis online course now  discounted check coupon  
1,"  getting  with python bitcoin programming

 python pythonbitcoinprogramming  "
1,"design pattern in c and net
 python ruby mongodb  "
1,"  python game development  creating a snake game from scratch

 python pythondevelopment http "
1,"  python testing with green

 python pythonprogramming  "
1,"  building a production ecommerce with react  redux
 python ruby mongodb  "
1,"  the best pinterest seo course of all time
 java angular rubyonrails php python javascri "
1,"  learn and master c programming for absolute beginners
 bigdata hadoop python sql mongdb m "
1,  automating gi with python great course  
1,"python installer x  user cancelled installation
tech news howto
 "
1,"  most common mistake python programming

 python pythonprogramming  "
1,  kmeans amp other clustering algorithm a quick intro with python   
1,gisbiz inc is hiring in seattle wa job database python  
1,"typped a python framework for pratt parsing with preconditioned dispatching and optional type  python 

this is  "
1,"  deep extreme multilabel learning for xml bigdata deeplearning machinelearning datascience ai xml python
 "
1,"practical deep learning with pytorch
 data_science python hadoop tableau r  "
1,  raspberry_pi  facial landmark  drowsiness detection with opencv and dlib  python  
1,"build complete cm blog in php mysql bootstrap from scratch
 datascience python tableau  "
1,"  python programming for network engineer cisco netmiko 

 python pythonprogramming htt "
1,"learn how to  excel data to xml from scratch
 python java php  "
1,"project in programming language  ruby python java
 data science python tableau  "
1,  devops share file with    share python falconframework knockoutjs 
1,  devops command line tool for sharing file  python falconframework knockoutjs 
1,"learn and master c programming for absolute beginners
 bigdata hadoop python sql  "
1,"python flask with request library internal server error
tech internet question howto
 "
1,"python flask with request library internal server error
tech news howto
 "
1,"wordpress essenstials  ecommerce website  dropshipping
 data_science python hadoop  "
1,   intelligence with python ai python  
1,  look at cleverhans python library benchmark machinelearning system vulnerability to adversarial example odsc  
1,"  best python library of 

 python pythonprogramming  "
1,"photoshop beginner mastery zero to hero in photoshop
 data science python tableau sql r "
1,"   to finish unity game and python coding

 pythoncoding python unitygames  "
1,"python gui programming using tkinter and python 
 python django flask programming  "
1,"python datascience django
projects in programming language  ruby python java
   "
1,"the best pinterest seo course of all time
 java angular rubyonrails php python  "
1,"fundamental of business analysis
 python machinelearning datasciecne  "
1,"  python step into the world of machine learning

 python machinelearning  "
1,oaweek  here a python implementationinterpretation of the mist imaging stress task for  if anyone is interested 
1,python deeper insight into machine learning   machine learning python pythonbot_ 
1,  connecting to a remote instance of sqlserver using python   
1,got me googling python cucumber  bdd and now thinking about  and lunch ato 
1,"have a nice day friend 
bugs fixed yeah
requirejs jquery datatable python  "
1,"  an introduction to deep learning with rapidminer bigdata deeplearning machinelearning datascience ai python
https "
1,"spark and python for big data with pyspark
 python  "
1,"python django getting  with python bitcoin programming
   "
1,"business analysis fundamentals
 python datascience deeplearning  "
1,"essential of data science
 datascience bigdata deeplearning python tableau  "
1,connecting to a remote instance of sqlserver using python   
1,"php login and registration system  email confirm activation
 data science python  "
1,"arbitrage and amazon fulfillment by amazon fba program
 data science python tableau sql r "
1,"complete python web course build  python web apps
 python course  "
1,"google analytics take a data driven approach to growth
 python datascience  "
1,"  php oop object oriented programming for beginner  project
 datascience python tableau h "
1,"python x for computer vision
 python  "
1,"php oop object oriented programming for beginner  project
 datascience python  "
1,"  recurrent neural network tutorial   bigdata deeplearning machinelearning datascience ai python theano
https "
1,"  taming big data with apache spark and python  hand on
 python bigdata django  "
2,if you need help to go to pycon    python comunity awesome  
2,  take the journey how python developer can add shopping  amp custom inventory search into a chatbot   
2,"  the python graph gallery useful for discovering and learning how to code dataviz in python

 h "
2,  the presummit handson workshop have begun here at devsummit europe in berlin j python developer  
2,debug python code   by akshay need a developer to help me debug some python code  
2,"  the python interview become a highly paid python developer

 python pythondevelopment htt "
2,i really would love it if my code would text me when it throw an error any idea python jupyter coding 
2,"the python bible  everything you need to program in python
 python  "
2,  the rise of trump  python code data datascience panda learn 
2,"homebaked  raspberry pi  django home server
 python developer programming course  "
3,  interested in my new deeplearning and python book grab  page of sample chapter and table of content here http 
3,interested in my new deeplearning and python book grab  page of sample chapter and table of content here  
3,"  nim a new option for optimizing inner loop pyg
by  video programming python
 "
3,"nim a new option for optimizing inner loop pyg
by  video programming python
 "
3,new perspective on computer concept  comprehensive   learning python pythonbot_ 
3,new job datascientist needed in london contact ethan to find out more or apply online today  
3,  finally i have a new blog post up finding and decoding malicious powershell script dfir python  
3,  happy monday check out this free collection of programming book  on csharp nodejs j git amp python  
3,"linked list data structure using python
 python  "
3,"python datascience django linked list data structure using python
   "
3,"quick structure format question  python 

hi guys

i am querying a result set and the result set is being stored  "
3,"python x for computer vision
 node nodejs python  "
3,"  linked list data structure using python

 python pythonprogramming  "
3,  new nosql by  with better structure and filtering plus nodejs python golang sdks how did i miss that  
3,new nosql by  with better structure and filtering plus nodejs python golang sdks how did i miss that  
