0,   tip  iterc sentinel return an iterator that invokes the callable c until it return a sentinel signaling the ite 
0,  finally picked a project to work on in   ive been meaning to program the dice game of farkle for year now http 
0,finally picked a project to work on in   ive been meaning to program the dice game of farkle for year now  
0,"how can i do regression in    

is there a package for and how to use it  for example how to get t "
0,the latest  rico python  thanks to      
0,interested in a job in stlouis mo this could be a great fit   relocate nyc siliconvalley it hiring 
0,"learn plugin development in wordpress by building projects
  ruby mongodb  "
0,  upload and run  script in oracledv check the new feature  sample content free on http 
0,"  how to find the exact location of any ip address digitalforensics cybersecurity dfir python

 ht "
0,roslaunchapiwrapper    via  
0,"  is it possible to run different proxy auth for each multithread
tech internet question howto
 "
0,  coach is a  reinforcement learning framework containing implementation of many  algorithm  
0,"   will be conducting a  conference in hyderabad next year a well
our team is ready 
thepsf  "
0,  getting the most out of sqlite with    but nice read  
0,  google app engine for   ecommerce    
0,"wordpress blogging  how to  a wordpress blog 
  ruby mongodb  "
0,were building wallaroo to ensure correct result in the face of failure  bigdata  distributedsystems 
0,"react fundamental e and api  build a rock solid news app
 data science   "
0,"the science of leadership
  java php  "
0,  bounter is a  library for extremely fast probabilistic counting of item frequency in massive datasets  
0,"introduction to  for ethical hacking

  pythondevelopment  "
0,how to delete multiple slack channel at once via     
0,"  latest blog  trading system now in  
python tradingstrategy money ai algotradin "
0," will be conducting a  conference in hyderabad next year a well
our team is ready 
thepsf  "
0,an easy way to password protect your  script by using encryption never touch hddssd     submitted  
0,monty  life of brian tribute parody wolf nipple chip roman food tee funny cotton tee  
0,   off  print book today  code halloweenpb nodejs golang swift haskell  dotnet vuejs  
0, talent_metrics  kdnuggets  step to mastering data preparation with  kdn  
0,   step to mastering data preparation with  kdn  
0,   and  are sharing wonderful story and insight about the  community  pyconuk  
0,  an overview of  deeplearning framework   
0,  acid reflux male ball  by jroyals reptile   morph herp pet pet reptile reptile herps http 
0,shell scripting twitter bot twitterbot  twitter willsznet   
0,boning up on my  skill by building something very useful database integration is next in lieu of txt file  
0,  learn how to add angularjs in django framework in  easy step  djangostars  nodejs  
0,using quandl and bokeh to do an embeddable vizualization in       submitted by   uespeculoide 
0,getting the most out of sqlite with    but nice read  
0, digest is out  story via    
0,example of handling parameter and validating in  project  us the cerberus library by  
0,"  scrapy powerful web scraping amp crawling with python

  pythontutorial  "
0,"  the latest in modern  recipe for the busy programmer

  programmer  "
0,this hour photo weather minnesota photo raspberrypi   
0,  image processing and acquisition using  chapman amp hallcrc mathematica here    progra 
0, bash developer wanted in devon devops experience a plus  month contrace  
0,  processing   graphica  xii international conference on graphic engineering for  and design   
0,  how to make a  host checker for linux we are coding  host checker that  beginnerhac 
0,how to make a  host checker for linux we are coding  host checker that  beginnerhacking ethicalhackx 
0,my favorite library for writing safe  code that simply work  
0,  this problem is nice because both the math solution and the  demonstration are  a  
0,  great session about open network neuroscience in  thanks  mozfest neuroscience  openscien 
0,"the latest in modern  recipe for the busy programmer

  programmer  "
0," a nice problem also it is easy to do a super quick demonstration in  a well 

 "
0,"  json write doesnt want to print out a i wish
tech internet question howto
 "
0,google app engine for   ecommerce    
0, decrypt base by phnuos hello i am doing forensics on my website and i wanted a  
0,  learn more about astroplan a  library that make astronomy research planning easier  ht 
0,   digest is out  story via   
0,  completed   course week  mini project api networkengineer pythoneer  
0, decrypt base by phnuos  hello freelancer linux 
0,immediate availability of connectcore for imxul  kit  javascript   
0, web scraping library beautifulsoup v scrapy v selenium    
0,last chance to check out the the central ohio  user group meetup tomorrow  
0,trying to check a string that satisfies these condition   
0,"new video dropping later tomorrow it about variable   codingfun
link for the previous videos
 "
0,  fullstack single page application with vuejs and flask via    flask vuejs 
0, sa licence can be pricey you may want to consider some of the great open source tool like anaconda  amp rstudio 
0,   for android hacking crash course trojan perspective   
0,  make your own tool  for offensive pentest gt   
0,i want to correct the problem of  by thaikokr i have a little bit of trouble  
0,  changeme  a default credential scanner  changeme ftp linux mac mongodb mssql nmap  sca 
0,pontius pilate anybody else feel like a little giggle when i mention my fwend biggus dickus  followme followback 
0,  wfuzz  web application fuzzer  framework fuzzer fuzzing linux pentesters  scanner secur 
0,"  nodejs  rest apis development using loopback
 java angular rubyonrails php  javascri "
0,  advanced ansible tutorial  ansible devops software  business howto automation futu 
1,"  learn and understand react
 java angular rubyonrails php  javascript html cs http "
1,"  line program  cc   line program

if you are lazy then you must learn  p 
dont ask for prof now  "
1,"  line program  cc   line program

if you are lazy you must learn  p 
dont ask for prof now  "
1,"learn and understand react
 java angular rubyonrails php  javascript html cs  "
1,  digr_io learn  for datascience with these tutorial book  resource  http 
1,digr_io learn  for datascience with these tutorial book  resource   
1,  a beginner guide to neuralnetworks with  and scikit learn  kdn  
1,"  good news ill release a brand new  book later this year 
im excited  book "
1,  learn  for datascience with these tutorial book  resource  abdsc by pierrep 
1,learn  for datascience with these tutorial book  resource  abdsc  
1,  learn  for datascience with these tutorial book  resource  abdsc bigdata m 
1,just finished my first   tutorial very proud  
1,  kdnuggets a beginner guide to neuralnetworks with  and scikit learn  kdn  
1,a beginner guide to neuralnetworks with  and scikit learn  kdn  
1,  learn  for datascience with these tutorial book  resource   abdsc bigdata mach 
1,learn  for datascience with these tutorial book  resource   abdsc bigdata machinelearning 
1,  the rise of trump   code data datascience panda learn 
1,the rise of trump   code data datascience panda learn 
1,"  learn to program and analyzedata with python
  "
1,  mastering machinelearning and predictiveanalytics with   abdsc bigdata datascience ml 
1," data datascience book ebook download free

danish bog gratis german buch ebook frei spanish  "
1,"   data datascience book ebook download free

danish bog gratis german buch ebook frei spanish h "
2,"ermin kreponics course for centos and red hat linux  rhcsa
 data science  tableau sql r "
2," sql interview questions
 datascience  tableau  "
2,"on page seo what is google looking for on your site
 datascience  tableau  "
2, datascience essential  free material today  
2,"the advance sql course with interview questions
 data science  tableau sql r  "
2,  keeping track of your datajournalism by   jupyter notebook datascience  
2,  deep learning  neural network with   edtech datascience by alevergara via 
2,comparing  dataviz tool graphing the same data    r tableau powerbi 
2,"  complete beginner introduction to sql
 datascience  tableau  "
2,"  complete ethical hacking series pen testing the right way
 data science  tableau sql r "
2,  r and  cheatsheets  datascience   via  data science datascientist coding ir tech 
3,"see gt the entire  language

code coding machinelearning ai iot  fintech  "
3,"  nice discussion on how to  unit testing machinelearning code  programming

 http "
3,  deep residual network for image classification with   numpy   
3,  naive bayes classification explained with  code  machinelearning     
3,  datascience cheat sheet  r and   rstats bigdata machinelearning coding  
3,  deep residual network for image classification with   numpy machinelearning datascience bi 
3,deep residual network for image classification with   numpy machinelearning datascience bigdata ai 
3,"   best online course on datascience 

ai datascientist iiot machinelearning iot  t "
3,naive bayes classification explained with  code  machinelearning     r 
3, daverubal  ronald_vanloon naive bayes classification explained with  code  machinelearning    
3, naive bayes classification explained with  code  machinelearning     
3,naive bayes classification explained with  code  machinelearning     
3,  deep learning  neural network with   edtech datascience machinelearning a 
4,"   dictionary comprehension bigdata datascience  programming
  "
4,  did you know you can use azurenotebooks to learn new programming language like   http 
4,  wanted to learn a low level language finally settled on rustlang any advice for rustlangbegginers from  and javascrip 
4,   best programming language to learn for beginner  programming javascript java  cod 
4, best programming language to learn for beginner  programming javascript java  codeacademy 
4,  why  is slow looking under the hood  infosec hacking  hacker programming coding cyb 
4,  programming challenge usually  now only  until oct  computing  
4, top   for the past month voct  by    programming coding dev developer 
4,ethereum programming language  ethereum  
4,my answer to can array hold different data type or doe it depend on the language  c 
4,"  why the choice of  a a programming language 

it tech coding defstar webdev webdesign cloud mpgvip iot  "
4,"the cryptocurrency bible  bitcoin ethereum altcoin
  bigdata  hadoop tableau  "
0,  coach is a  reinforcement learning framework containing implementation of many  algorithm  
0,"  learn to program and analyzedata with python
  "
0,  updated my k surbiton bus page with more bus time info tfl api  raspberrypi telegram chatbot bot  
0,   billion industrial wireless sensing javascript   
0,updated my k surbiton bus page with more bus time info tfl api  raspberrypi telegram chatbot bot  
0, billion industrial wireless sensing javascript   
0,   tip  iterc sentinel return an iterator that invokes the callable c until it return a sentinel signaling the ite 
0,  finally picked a project to work on in   ive been meaning to program the dice game of farkle for year now http 
0,finally picked a project to work on in   ive been meaning to program the dice game of farkle for year now  
0,"how can i do regression in    

is there a package for and how to use it  for example how to get t "
0,the latest  rico python  thanks to      
0,interested in a job in stlouis mo this could be a great fit   relocate nyc siliconvalley it hiring 
0,"learn plugin development in wordpress by building projects
  ruby mongodb  "
0,  upload and run  script in oracledv check the new feature  sample content free on http 
0,"  how to find the exact location of any ip address digitalforensics cybersecurity dfir python

 ht "
0,roslaunchapiwrapper    via  
0,"  is it possible to run different proxy auth for each multithread
tech internet question howto
 "
0,"   will be conducting a  conference in hyderabad next year a well
our team is ready 
thepsf  "
0,  getting the most out of sqlite with    but nice read  
0,  google app engine for   ecommerce    
0,"wordpress blogging  how to  a wordpress blog 
  ruby mongodb  "
0,were building wallaroo to ensure correct result in the face of failure  bigdata  distributedsystems 
0,  bounter is a  library for extremely fast probabilistic counting of item frequency in massive datasets  
0,how to delete multiple slack channel at once via     
0,"  latest blog  trading system now in  
python tradingstrategy money ai algotradin "
0," will be conducting a  conference in hyderabad next year a well
our team is ready 
thepsf  "
0,an easy way to password protect your  script by using encryption never touch hddssd     submitted  
0,monty  life of brian tribute parody wolf nipple chip roman food tee funny cotton tee  
0,   and  are sharing wonderful story and insight about the  community  pyconuk  
0,  an overview of  deeplearning framework   
0,  acid reflux male ball  by jroyals reptile   morph herp pet pet reptile reptile herps http 
0,shell scripting twitter bot twitterbot  twitter willsznet   
0,  did you know you can use azurenotebooks to learn new programming language like   http 
0,boning up on my  skill by building something very useful database integration is next in lieu of txt file  
0,  learn how to add angularjs in django framework in  easy step  djangostars  nodejs  
0,  wanted to learn a low level language finally settled on rustlang any advice for rustlangbegginers from  and javascrip 
0,using quandl and bokeh to do an embeddable vizualization in       submitted by   uespeculoide 
0,getting the most out of sqlite with    but nice read  
0,example of handling parameter and validating in  project  us the cerberus library by  
0,"  scrapy powerful web scraping amp crawling with python

  pythontutorial  "
0,"  the latest in modern  recipe for the busy programmer

  programmer  "
0,this hour photo weather minnesota photo raspberrypi   
0,  image processing and acquisition using  chapman amp hallcrc mathematica here    progra 
0, bash developer wanted in devon devops experience a plus  month contrace  
0,  processing   graphica  xii international conference on graphic engineering for  and design   
0,my favorite library for writing safe  code that simply work  
0,  this problem is nice because both the math solution and the  demonstration are  a  
0,  great session about open network neuroscience in  thanks  mozfest neuroscience  openscien 
0,"the latest in modern  recipe for the busy programmer

  programmer  "
0," a nice problem also it is easy to do a super quick demonstration in  a well 

 "
0,"  json write doesnt want to print out a i wish
tech internet question howto
 "
0,google app engine for   ecommerce    
0,  programming challenge usually  now only  until oct  computing  
0,ethereum programming language  ethereum  
0, decrypt base by phnuos hello i am doing forensics on my website and i wanted a  
0,immediate availability of connectcore for imxul  kit  javascript   
0, web scraping library beautifulsoup v scrapy v selenium    
0,last chance to check out the the central ohio  user group meetup tomorrow  
0,trying to check a string that satisfies these condition   
0,"new video dropping later tomorrow it about variable   codingfun
link for the previous videos
 "
0,  fullstack single page application with vuejs and flask via    flask vuejs 
0, sa licence can be pricey you may want to consider some of the great open source tool like anaconda  amp rstudio 
0,i want to correct the problem of  by thaikokr i have a little bit of trouble  
0,pontius pilate anybody else feel like a little giggle when i mention my fwend biggus dickus  followme followback 
0,  wfuzz  web application fuzzer  framework fuzzer fuzzing linux pentesters  scanner secur 
1,"bigdata  hadoop tableau programming in c  the complete course
   "
1," sql interview questions
 datascience  tableau  "
1,"on page seo what is google looking for on your site
 datascience  tableau  "
1,"introduction to  for ethical hacking

  pythondevelopment  "
1,  a beginner guide to neuralnetworks with  and scikit learn  kdn  
1,  kdnuggets a beginner guide to neuralnetworks with  and scikit learn  kdn  
1,a beginner guide to neuralnetworks with  and scikit learn  kdn  
1,   best programming language to learn for beginner  programming javascript java  cod 
1, best programming language to learn for beginner  programming javascript java  codeacademy 
1,"  complete beginner introduction to sql
 datascience  tableau  "
1,"  complete ethical hacking series pen testing the right way
 data science  tableau sql r "
2,"  learn and understand react
 java angular rubyonrails php  javascript html cs http "
2,"  line program  cc   line program

if you are lazy then you must learn  p 
dont ask for prof now  "
2,"  line program  cc   line program

if you are lazy you must learn  p 
dont ask for prof now  "
2,"see gt the entire  language

code coding machinelearning ai iot  fintech  "
2,"  nice discussion on how to  unit testing machinelearning code  programming

 http "
2,"   dictionary comprehension bigdata datascience  programming
  "
2, datascience essential  free material today  
2,"learn and understand react
 java angular rubyonrails php  javascript html cs  "
2,  digr_io learn  for datascience with these tutorial book  resource  http 
2,digr_io learn  for datascience with these tutorial book  resource   
2,"  good news ill release a brand new  book later this year 
im excited  book "
2,  deep residual network for image classification with   numpy   
2,  learn  for datascience with these tutorial book  resource  abdsc by pierrep 
2,   off  print book today  code halloweenpb nodejs golang swift haskell  dotnet vuejs  
2,learn  for datascience with these tutorial book  resource  abdsc  
2,  learn  for datascience with these tutorial book  resource  abdsc bigdata m 
2,just finished my first   tutorial very proud  
2,  keeping track of your datajournalism by   jupyter notebook datascience  
2,  deep learning  neural network with   edtech datascience by alevergara via 
2,  naive bayes classification explained with  code  machinelearning     
2,  learn  for datascience with these tutorial book  resource   abdsc bigdata mach 
2,learn  for datascience with these tutorial book  resource   abdsc bigdata machinelearning 
2,  datascience cheat sheet  r and   rstats bigdata machinelearning coding  
2, digest is out  story via    
2,  the rise of trump   code data datascience panda learn 
2,the rise of trump   code data datascience panda learn 
2,  mastering machinelearning and predictiveanalytics with   abdsc bigdata datascience ml 
2,   digest is out  story via   
2,  deep residual network for image classification with   numpy machinelearning datascience bi 
2,deep residual network for image classification with   numpy machinelearning datascience bigdata ai 
2," data datascience book ebook download free

danish bog gratis german buch ebook frei spanish  "
2,"   best online course on datascience 

ai datascientist iiot machinelearning iot  t "
2,"   data datascience book ebook download free

danish bog gratis german buch ebook frei spanish h "
2,naive bayes classification explained with  code  machinelearning     r 
2, daverubal  ronald_vanloon naive bayes classification explained with  code  machinelearning    
2, naive bayes classification explained with  code  machinelearning     
3,  changeme  a default credential scanner  changeme ftp linux mac mongodb mssql nmap  sca 
3,"  ermin kreponics course for centos and red hat linux  rhcsa
 data science  tableau sql "
3,"ermin kreponics course for centos and red hat linux  rhcsa
 data science  tableau sql r "
3,"the advance sql course with interview questions
 data science  tableau sql r  "
3,"react fundamental e and api  build a rock solid news app
 data science   "
3,"the science of leadership
  java php  "
3, talent_metrics  kdnuggets  step to mastering data preparation with  kdn  
3,   step to mastering data preparation with  kdn  
3,comparing  dataviz tool graphing the same data    r tableau powerbi 
3,my answer to can array hold different data type or doe it depend on the language  c 
3,  completed   course week  mini project api networkengineer pythoneer  
3, decrypt base by phnuos  hello freelancer linux 
3,  r and  cheatsheets  datascience   via  data science datascientist coding ir tech 
3,   for android hacking crash course trojan perspective   
4,  how to make a  host checker for linux we are coding  host checker that  beginnerhac 
4,  why  is slow looking under the hood  infosec hacking  hacker programming coding cyb 
4,how to make a  host checker for linux we are coding  host checker that  beginnerhacking ethicalhackx 
4, top   for the past month voct  by    programming coding dev developer 
4,  learn more about astroplan a  library that make astronomy research planning easier  ht 
4,"  why the choice of  a a programming language 

it tech coding defstar webdev webdesign cloud mpgvip iot  "
4,  make your own tool  for offensive pentest gt   
0,"bigdata  hadoop tableau programming in c  the complete course
   "
0," sql interview questions
 datascience  tableau  "
0,"on page seo what is google looking for on your site
 datascience  tableau  "
0,"introduction to  for ethical hacking

  pythondevelopment  "
0,  a beginner guide to neuralnetworks with  and scikit learn  kdn  
0,  kdnuggets a beginner guide to neuralnetworks with  and scikit learn  kdn  
0,a beginner guide to neuralnetworks with  and scikit learn  kdn  
0,   best programming language to learn for beginner  programming javascript java  cod 
0, best programming language to learn for beginner  programming javascript java  codeacademy 
0,"  complete beginner introduction to sql
 datascience  tableau  "
0,"  complete ethical hacking series pen testing the right way
 data science  tableau sql r "
1,   tip  iterc sentinel return an iterator that invokes the callable c until it return a sentinel signaling the ite 
1,"how can i do regression in    

is there a package for and how to use it  for example how to get t "
1,"see gt the entire  language

code coding machinelearning ai iot  fintech  "
1,"  nice discussion on how to  unit testing machinelearning code  programming

 http "
1,"  is it possible to run different proxy auth for each multithread
tech internet question howto
 "
1,  bounter is a  library for extremely fast probabilistic counting of item frequency in massive datasets  
1,  deep residual network for image classification with   numpy   
1,  acid reflux male ball  by jroyals reptile   morph herp pet pet reptile reptile herps http 
1,shell scripting twitter bot twitterbot  twitter willsznet   
1,  deep learning  neural network with   edtech datascience by alevergara via 
1,  did you know you can use azurenotebooks to learn new programming language like   http 
1,  naive bayes classification explained with  code  machinelearning     
1,  wanted to learn a low level language finally settled on rustlang any advice for rustlangbegginers from  and javascrip 
1,  datascience cheat sheet  r and   rstats bigdata machinelearning coding  
1,"  the latest in modern  recipe for the busy programmer

  programmer  "
1,  how to make a  host checker for linux we are coding  host checker that  beginnerhac 
1,  why  is slow looking under the hood  infosec hacking  hacker programming coding cyb 
1,how to make a  host checker for linux we are coding  host checker that  beginnerhacking ethicalhackx 
1,my favorite library for writing safe  code that simply work  
1,"the latest in modern  recipe for the busy programmer

  programmer  "
1, top   for the past month voct  by    programming coding dev developer 
1,ethereum programming language  ethereum  
1,my answer to can array hold different data type or doe it depend on the language  c 
1,"  why the choice of  a a programming language 

it tech coding defstar webdev webdesign cloud mpgvip iot  "
1,  deep residual network for image classification with   numpy machinelearning datascience bi 
1,deep residual network for image classification with   numpy machinelearning datascience bigdata ai 
1,"new video dropping later tomorrow it about variable   codingfun
link for the previous videos
 "
1,  make your own tool  for offensive pentest gt   
1,"   best online course on datascience 

ai datascientist iiot machinelearning iot  t "
1,naive bayes classification explained with  code  machinelearning     r 
1, daverubal  ronald_vanloon naive bayes classification explained with  code  machinelearning    
1, naive bayes classification explained with  code  machinelearning     
2,  changeme  a default credential scanner  changeme ftp linux mac mongodb mssql nmap  sca 
2,"  ermin kreponics course for centos and red hat linux  rhcsa
 data science  tableau sql "
2,"ermin kreponics course for centos and red hat linux  rhcsa
 data science  tableau sql r "
2,"the advance sql course with interview questions
 data science  tableau sql r  "
2,"react fundamental e and api  build a rock solid news app
 data science   "
2,"the science of leadership
  java php  "
2, talent_metrics  kdnuggets  step to mastering data preparation with  kdn  
2,   step to mastering data preparation with  kdn  
2,comparing  dataviz tool graphing the same data    r tableau powerbi 
2,  completed   course week  mini project api networkengineer pythoneer  
2, decrypt base by phnuos  hello freelancer linux 
2,  r and  cheatsheets  datascience   via  data science datascientist coding ir tech 
2,   for android hacking crash course trojan perspective   
2,  wfuzz  web application fuzzer  framework fuzzer fuzzing linux pentesters  scanner secur 
3,  coach is a  reinforcement learning framework containing implementation of many  algorithm  
3,"  learn to program and analyzedata with python
  "
3,  updated my k surbiton bus page with more bus time info tfl api  raspberrypi telegram chatbot bot  
3,"  learn and understand react
 java angular rubyonrails php  javascript html cs http "
3,   billion industrial wireless sensing javascript   
3,updated my k surbiton bus page with more bus time info tfl api  raspberrypi telegram chatbot bot  
3, billion industrial wireless sensing javascript   
3,  finally picked a project to work on in   ive been meaning to program the dice game of farkle for year now http 
3,finally picked a project to work on in   ive been meaning to program the dice game of farkle for year now  
3,the latest  rico python  thanks to      
3,interested in a job in stlouis mo this could be a great fit   relocate nyc siliconvalley it hiring 
3,"  line program  cc   line program

if you are lazy then you must learn  p 
dont ask for prof now  "
3,"  line program  cc   line program

if you are lazy you must learn  p 
dont ask for prof now  "
3,"learn plugin development in wordpress by building projects
  ruby mongodb  "
3,  upload and run  script in oracledv check the new feature  sample content free on http 
3,"  how to find the exact location of any ip address digitalforensics cybersecurity dfir python

 ht "
3,roslaunchapiwrapper    via  
3, datascience essential  free material today  
3,"   will be conducting a  conference in hyderabad next year a well
our team is ready 
thepsf  "
3,"learn and understand react
 java angular rubyonrails php  javascript html cs  "
3,  getting the most out of sqlite with    but nice read  
3,  google app engine for   ecommerce    
3,"wordpress blogging  how to  a wordpress blog 
  ruby mongodb  "
3,were building wallaroo to ensure correct result in the face of failure  bigdata  distributedsystems 
3,how to delete multiple slack channel at once via     
3,"  latest blog  trading system now in  
python tradingstrategy money ai algotradin "
3,"  good news ill release a brand new  book later this year 
im excited  book "
3," will be conducting a  conference in hyderabad next year a well
our team is ready 
thepsf  "
3,an easy way to password protect your  script by using encryption never touch hddssd     submitted  
3,monty  life of brian tribute parody wolf nipple chip roman food tee funny cotton tee  
3,   off  print book today  code halloweenpb nodejs golang swift haskell  dotnet vuejs  
3,just finished my first   tutorial very proud  
3,  keeping track of your datajournalism by   jupyter notebook datascience  
3,   and  are sharing wonderful story and insight about the  community  pyconuk  
3,  an overview of  deeplearning framework   
3,boning up on my  skill by building something very useful database integration is next in lieu of txt file  
3,  learn how to add angularjs in django framework in  easy step  djangostars  nodejs  
3,using quandl and bokeh to do an embeddable vizualization in       submitted by   uespeculoide 
3,getting the most out of sqlite with    but nice read  
3, digest is out  story via    
3,example of handling parameter and validating in  project  us the cerberus library by  
3,"  scrapy powerful web scraping amp crawling with python

  pythontutorial  "
3,this hour photo weather minnesota photo raspberrypi   
3,  image processing and acquisition using  chapman amp hallcrc mathematica here    progra 
3, bash developer wanted in devon devops experience a plus  month contrace  
3,  processing   graphica  xii international conference on graphic engineering for  and design   
3,  this problem is nice because both the math solution and the  demonstration are  a  
3,  great session about open network neuroscience in  thanks  mozfest neuroscience  openscien 
3," a nice problem also it is easy to do a super quick demonstration in  a well 

 "
3,"  json write doesnt want to print out a i wish
tech internet question howto
 "
3,google app engine for   ecommerce    
3,  programming challenge usually  now only  until oct  computing  
3, decrypt base by phnuos hello i am doing forensics on my website and i wanted a  
3,  learn more about astroplan a  library that make astronomy research planning easier  ht 
3,   digest is out  story via   
3,immediate availability of connectcore for imxul  kit  javascript   
3, web scraping library beautifulsoup v scrapy v selenium    
3,last chance to check out the the central ohio  user group meetup tomorrow  
3,trying to check a string that satisfies these condition   
3,  fullstack single page application with vuejs and flask via    flask vuejs 
3, sa licence can be pricey you may want to consider some of the great open source tool like anaconda  amp rstudio 
3,i want to correct the problem of  by thaikokr i have a little bit of trouble  
3,pontius pilate anybody else feel like a little giggle when i mention my fwend biggus dickus  followme followback 
4,"   dictionary comprehension bigdata datascience  programming
  "
4,  digr_io learn  for datascience with these tutorial book  resource  http 
4,digr_io learn  for datascience with these tutorial book  resource   
4,  learn  for datascience with these tutorial book  resource  abdsc by pierrep 
4,learn  for datascience with these tutorial book  resource  abdsc  
4,  learn  for datascience with these tutorial book  resource  abdsc bigdata m 
4,  learn  for datascience with these tutorial book  resource   abdsc bigdata mach 
4,learn  for datascience with these tutorial book  resource   abdsc bigdata machinelearning 
4,  the rise of trump   code data datascience panda learn 
4,the rise of trump   code data datascience panda learn 
4,  mastering machinelearning and predictiveanalytics with   abdsc bigdata datascience ml 
4," data datascience book ebook download free

danish bog gratis german buch ebook frei spanish  "
4,"   data datascience book ebook download free

danish bog gratis german buch ebook frei spanish h "
0,  using  to analyze  million u police stop gtgt    datascience 
0,  datascience cheat sheet  r and   rstats bigdata machinelearning coding  
0,  realpython using  to analyze  million u police stop gtgt    datascience 
0,  is it better to bake cooky in a toaster oven my  internetofthings  datascience tec 
0,is it better to bake cooky in a toaster oven my  internetofthings  datascience  
0,  andysugs realpython using  to analyze  million u police stop gtgt     datascience 
0,  build your essential   datascience toolbox work with   a well with today freelearning  
0,"  many can i do x in  question equate to can i stop a car on train track when no train are coming
yes you can n "
0,  stepbystep guide to learn  for datascience in  day  abdsc bigdata machinelearning ht 
0,"  chapter  nlp code for wordvec neural network tensorflow bigdata machinelearning datascience ai python
https "
0,  learn  for datascience with these tutorial book  resource  abdsc bigdata m 
0,datascience cheat sheet  r and   rstats bigdata machinelearning coding  
0,datascience  r  ai my journey at sapient a a data scientist  
0,  an interesting and useful pattern for those using sqlserver machinelearning service for rstats and  or   
0,realpython using  to analyze  million u police stop gtgt    datascience 
0,  this hour photo weather minnesota photo raspberrypi   
0,this hour photo weather minnesota photo raspberrypi   
0,  should you use  or should you use knime can you use both read more on our blog  datascience  
0,   free book on bigdata datascience datamining machinelearning  r and more kdn  
0,using  to analyze  million u police stop gtgt    datascience 
0,"  skin lesion segmentation unets versus clustering bigdata machinelearning datascience  ai
 "
0,"  how to go from  script to a packaged project bigdata machinelearning datascience ai  java
 "
0,  mastering machinelearning and predictiveanalytics with   abdsc bigdata datascience ml 
0,  how to develop a word embedding model for predicting movie review sentiment    
0,how to develop a word embedding model for predicting movie review sentiment    
0,  donald trump most mentioned moment on twitter   code data datascience panda learn 
0,donald trump most mentioned moment on twitter   code data datascience panda learn 
1,use  function a dictionary value  programming  
1," dataset for machine learning with  and numpy  theano

machinelearning programming "
1,  machine learning handson  amp r in data science   
1,machine learning handson  amp r in data science   
1,learn about  statement why indentation is  and use of comment in programming pythonstatement  
1,best way to learn programming for beginner  programming code codecademy php  javascript 
1,"   dataset for machine learning with  and numpy  theano

programming mac "
1,realpython psa one way to improve  performance is with cython gtgt   programming 
1," dataset for machine learning with  and numpy  theano

programming machinelearning "
1,"  mixed effect random forest in  bigdata datascience  programming python
 http "
1,"  learning  from zero to hero bigdata datascience  programming
  "
1,  psa one way to improve  performance is with cython gtgt   programming 
1,psa one way to improve  performance is with cython gtgt   programming 
1,"   dataset for machine learning with  and numpy  theano

datascience mac "
1,  tackle datascience with  using today free ebook  jupyter numpy panda seaborn theano  
1,"  because we are  programmer 
programming  programmer  "
2,  video on raspberrypi ubuntu linux   ro rostopic robotics  electronics geda callback http 
2,   off  print book today  code halloweenpb nodejs golang swift haskell  dotnet vuejs  
2,open system technology is looking for a  developer       job nyc developer programming  trading 
2,any opencv centos  who can kindly have a look at  and help me out  
2,should i learn flask or django if im a beginner   django flask 
2,  the  arcade library gtgt    
2,the latest the lab with  daily   ai 
2,how to calculate conditional probability of value in dataframe pandaspython   
2,   web scraping library beautifulsoup v scrapy v selenium    
2,   tip  iterc sentinel return an iterator that invokes the callable c until it return a sentinel signaling the ite 
2,"  programming best practices
reactjs javascript angular  java php rail ruby cs daysofcode
 "
2,  check out this new job   developer secdb interestrates objectorientedprogramming http 
2,  comparison of performance and correctness from defining custom physic unit for number in julialang and   
2,a small demo of how to write a wishbone module function  doc still need some work but getting there  
2,"  with  iterators we think of next a initiating execution
with coroutines we await a downstream event to initiat "
2,"issue with smtplib and iphones   

i wa messing around with smtplib and sent my phone a couple message i  "
2,  a beginner guide to neuralnetworks with  and scikit learn  kdn  
2,realpython the  arcade library gtgt    
2,  the oenpelli  morelia oenpelliensis one of the rarest python in australia such a magical experience seeing this 
2,the  arcade library gtgt    
2,  let dive into the huge world of apache spark using pyspark   bigdata  
2,  saved by the self __init__ objectorientedprogramming  
2,  text classification using neural network   ai nlp  nltk 
2,text classification using neural network   ai nlp  nltk 
2, weekly  stackoverflow  xcvii stackoverflow     
2,video on raspberrypi ubuntu linux   ro rostopic robotics  electronics geda callback  
2,  bounter is a  library for extremely fast probabilistic counting of item frequency in massive datasets  
2,distance from a point to a plane in d yeah i dont get it  math cuttomanyclasses 
2,  chapter   array         c cpp golang scala  java groovy  
2,"most comprehensive collection of  exerciser and solution

  django  "
2,  getting do ready for the event this weekend   django djangogirls djangogirlslautech  
2,  check out this awesome channel for csharp  sql java php project subscribe for growth   
2,debianbug new bug   pythonxstaticangularbootstrap  pythonxstaticangularbootstrap missing bd op  
2,"what is protocol buffers
read more  

java   "
2,new bug   pythonxstaticangularbootstrap  pythonxstaticangularbootstrap missing bd openstackpk  
2,interested in a job in stlouis mo this could be a great fit   relocate nyc siliconvalley it hiring 
2,think  how to think like a computer scientist  book  businessproducts 
2,our bassist muggsy ha suffered a horrific snakebite injury this evening please send your msg of  to  
2,"you provided the name of a prawini configuration which doe not exist   

hi

im trying to get this twit "
2,"free udemy course 
python object oriented full guide by mahmoud ahmed   "
2,raven    via  
2,"gt
python programming full course basicsoopmodulespyqt by mahmoud ahmedfree udemy course in   "
2,"gt 
python built in module  know more by mahmoud ahmed free udemy course in    "
2,cont boa  serpent woman to entice him to steal his money amp success 
2,    for hacker  reverse tcp shell gt  
2,  cloudshellcpaws    via  
2,  why in  we limit all line to a maximum of  character because we count from   pythonprogramming joke 
2,"  angular  rxjs reactive programming amp free ebook
 java angular rubyonrails php  javasc "
2,"  the complete java testing developer course
  ruby mongodb  "
2,"http for great good

pyvideoorg
python  "
2,sneak preview sql graph session at pas summit   azuresqldb  sqlgraph 
2,wow i just learned about pythontutor by  nice     
2,"building restful  web service with django

  django  "
2,rd just exception i finished the beginning  section  guru  daysofcode daysofpython  
2,learn how grimoirelab perceval backends are designed to gather data from development and community tool   
2, technology best development service  ecommerce    
2,  gr providing interactive access to research data in a managed jupyterhub environment with julialang or   
2,learning more about prodactive productivity suite using luis chatbots  app service  flask and  
2," tflearn to_categorical type error
tech internet question howto
 "
2,  i present to you slumlord simulator a game about slumlording and bermuda tax evasion coming soontm  pygame indiedev 
2,working on a service to run your scrapy  spider in your butt dm for early access 
2,"  build apps with reactjs the complete course
 java angular rubyonrails php  java "
2,  add new secret module for robust account and password security   nodejs angularjs responsive  
2,been trying to fit learning into my otherwise busy life still working through the  c course today  dictionary 
2," script for  table on hold
tech internet question howto
 "
2,"    for beginners

  python  "
2,   in any bit microcontroller hell yeah  
2,  building feedforward neural network step by step with tensorflow deeplearning  ai  
2, digest is out   
2,  wfuzz  web application fuzzer  framework fuzzer fuzzing linux pentesters  scanner secur 
2,  ill be speaking at pycon india on using  for embeddedsystems development using  and  s circ 
3,sense the  to  home automation javascript   
3,  dive into  visit  amp register for this amp more great free resource iot datascience ai tech http 
3,dive into  visit  amp register for this amp more great free resource iot datascience  
3, softwareiot whisker lab ceo to speak at ce   javascript   
3,  whisker lab ceo to speak at ce   javascript   
3,whisker lab ceo to speak at ce   javascript   
3,  visualead announced it plan to boost javascript   
3,visualead announced it plan to boost javascript   
3,"  see gt the entire  language

code coding machinelearning ai iot  fintech programming  "
3,  with automated upgrade management software vendor and iot company  javascript   
3,with automated upgrade management software vendor and iot company  javascript   
4,  it been another amazing  thanks to all organiser and volunteer pyconuk  
4,it been another amazing  thanks to all organiser and volunteer pyconuk  
0,"  django  angularjs for a powerful web application
   "
0,"django  angularjs for a powerful web application
   "
0,first day of  class   
0,  what have i done today made a sweeeet graph thats what ive done today galaxies colours   
0,what have i done today made a sweeeet graph thats what ive done today galaxies colours   
0,  serpentcs looking for content writer  enthusiasts odoo  ionic android developers   
0,"  user experience ux the ultimate guide to usability and ux
  java php  "
0,  as devs and data scientists unite cloud platforms should invest in    explains on   
0,soon he will be old enough i can teach him seo and  automation my boy is  months oldtime flies  
0,    tricks the book  now available on amazon by   
0,"  pandas connect amp  directly any database
 python
bmelnv  "
0,linkedin has  that i know the fundamentals of  as well as i know how to code efficiently  
0,"  django  angularjs for a powerful web application
  django flask
bjunwic  "
0, analyticsvidhya  amp qliksense for advanced data analytics  bi 
0,  r and  cheatsheets  datascience     
0,you deserve a  library with more geoprocessing power meettheproduct  
0,  when you wanna deep dive into datascience  machinelearning secondedition book by   
0,pythonweekly dramatiq simple task processing    
0,dramatiq simple task processing    
0,  devops share files with    share  falconframework knockoutjs 
0,  devops command line tool for sharing files   falconframework knockoutjs 
0,cross disciplines  do things others cant  ai iot syntheticbiology nyc asmc ieee semi deeplearning health dna 
0,curiosityrover on mars can you guess what year it was taken sol  powered by   
0,  machinelearning workflows in  from scratch   kmeans clustering   
0,  introducing vectorized udfs for pyspark how to run your native  code with pyspark fast   
0,  helping teach the next generation of  developers  wurban_synergy here at   awesome to be workinga 
0, pycharm webinar recording graphql in the  world with nafiul islam   
0,  r or  which to choose for data analysis  analytics bigdata datascience dataviz  
0,"webinar recording graphql in the  world with nafiul islam
 webbybot  "
0,r or  which to choose for data analysis  analytics bigdata datascience dataviz  
0,"  an imperative definebyrun interface to tensorflow bigdata machinelearning datascience ai python
 "
0,two scoops of django  best practices for the django web framework   django  pythonbot_ 
0,this hours photo weather minnesota photo raspberrypi   
0,   free ebooks  who doesnt love free programming books these inc csharp nodejs js git and   
0,  kaggle data science survey  worldwide preferences for  amp r  via  m 
0,you can do a lot of data wrangling within  itself    ibmccs dsforall  
0,this job might be a great fit for you  developer    relocate nyc siliconvalley it stlouis mo 
0,helping teach the next generation of  developers  wurban_synergy here at   awesome to be  
0,"  django  angularjs for a powerful web application
  bigdata django

bkejrxia http "
0," best online courses on datascience 

ai datascientist iiot machinelearning iot  "
0,surprise about  am i weird for liking objectivec glad to see swift and  among the most liked   
0,  free huge book pandas   data analysis toolkit for datascience  bigdata machinelearnin 
0,  read here top  technology javascript  development blogs  thanks to  
0,read here top  technology javascript  development blogs  thanks to  
0,  fuzzy matching to the rescue    datascience  
0,fuzzy matching to the rescue    datascience  
0,filter dictionary in a simple and readable manner   
0,  zerodoor un script en  para crear backdoors multiplataforma por  pentesting ethicalhacking  
0,"   datascience django 
interactive data visualization with  amp bokeh
 sxwyai "
1,"hosting django amazon web services aws fundamentals
 python
hyllncpiaw  "
1,"   django 
python step into the world of machine learning
 sjeqsxp  "
1,"  its not that hard
programming coding
python programmer  "
1,"how to think like a programmer with python
   "
1," django 
python step into the world of machine learning
 sjeqsxp  "
1,"learning  from zero to hero

  learningpython  "
1,  linear regression in  predict the bay areas home prices via     
1,"  a  b doesnt always behave the same way as a  a  b
python  "
1,"  bayesian machine learning in  ab testing
   "
1,"  deep learning convolutional neural networks in python

  deeplearning  "
1,"   is the fastestgrowing programming language 

javascript java php php ruby bigdata coding deeptech ai dat "
1,  mastering social media mining with    machine learning  pythonbot_ 
1,mastering social media mining with    machine learning  pythonbot_ 
1,"  deep learning prerequisites logistic regression in python
 python
rympmgwaw  "
1,  cdossman top  cheat sheets novice machine learning engineers need  machinelearning  datasci 
1,"  complete guide to tensorflow for deep learning with python

  tensorflow  "
1,"learn complete ruby  and java programming 
ruby  java programming sponsored  "
1,"  machine learning az handson  amp r in data science
 node nodejs python
hyxhjir https "
1,  learning about docker best practices from stefana muller  opsani location mongodb nyc  nyc  schema de 
1,"  deep learning prerequisites linear regression in python
  ruby mongodb  "
1,"  learning  from zero to hero

  learningpython  "
1,  deep learning  neural networks with   edtech datascience machinelearning a 
2,  blackhat  programming for hackers amp pentesters ebook dl ml hack tech geek   
2,blackhat  programming for hackers amp pentesters ebook dl ml hack tech geek   
2,"pythonpptx not accepting stringio file type when using with matplotlib
tech news howto
 "
2," for maya  friendly programming
   "
2,"hosting django amazon web services aws fundamentals
  programming development  "
2," opencv  output image within the contour
tech news howto
 "
2,"  angular  from theory to practice amp free ebook
  java php  "
2,"   dataset for machine learning with  and numpy  theano

programming dat "
2," dataset for machine learning with  and numpy  theano

programming datascience "
2,  senior  is using datascience amp  to visualize the bitcoin  ledger highlighting growth amp predi 
2,   for hackers amp pentesters  join professionals from  countries grab your seat now http 
2,  learn how to effectively use list comprehension in  to create lists replace nested for loops amp more  
2,  stack overflow reveals the mostdisliked programming languages  infoworld  
2,  looking for someone with strong skills in java amp  to join us  android developers  welcome apply by thi 
3,"dreamweaver cc   introduction to responsive web design
 datascience  tableau  "
3,"bigdata  hadoop tableau machine learning for beginners  deep dive
   "
3,"  the complete affiliate marketing course for fun and profit
 data science  tableau sql  "
3,"ethereum amp ripple course  course bundle
 data science  tableau sql r  "
3,"the complete affiliate marketing course for fun and profit
 data science   "
3,"  the complete  litecoin course w  trading analysis
  bigdata  hadoop table "
3,"  bigdata  hadoop tableau machine learning for data science
   "
3,"  cryptocurrency simplified using crypto is easy heres how
  bigdata  hadoop table "
3,"  bigdata  hadoop tableau from  to   spark for data science with python
   "
3,"  advanced javascript
 data_science  hadoop tableau r  "
3,wednesdaywisdom while coding remind yourselves coding technology programming hadoop sql  education  
3,"  seo training   how to get to the top of google with seo
 data science  tableau sql "
3,"   intelligence az learn how to build an ai
 data_science  hadoop table "
3,   new features with sqlserver  via   database bigdata  rprogramm 
3,"  cryptocurrency investment course  fund your retirement
  bigdata  hadoop table "
3,"  web hacking for beginners
 bigdata hadoop  sql mongdb mysql  "
3,"  bigdata  hadoop tableau deep learning build any  app in  mins using aiception
  h "
3,using  to get a shell without a shell   
3,  using  in sqlserver amp azuremlworkbench tensorflow  for neuralnetworks  
4,you have two jobs   
4,  s seahub  the web end of seafile server   webserver 
4,"  rails  masterclass
 java angular rubyonrails php  javascript html css  "
4,  update of dictionaries in list   
4,"rails  masterclass
 java angular rubyonrails php  javascript html css  "
4,"automate blender with   give yourself superpowers
  django flask webdev
r  "
4,all the ways to reverse a string in        
4,  cool event our friends  will also show how to connect esp to aws iot in  w 
4,myfwclife want to learn more about nonnative species attend a public workshop    
4,a decrease in us store sales of   javascript   
4,  you still have time get your tickets for  dont miss this last chance to attend the event pyconindia  
4,want to learn more about nonnative species attend a public workshop    
4,  a simple guide to calculate the hoekbrown failure criteria in   geology and    
4,   teaching tip  when teaching adults half of your time should be spent helping students unlearn preexisting incorrec 
4,  got a few bits pushed out regarding  and nix  nixcon 
4,voiteq ltd is hiring a remote full stack skills and want to work on modern net remote job   gt  
4,coral glow orange dream pied poss yellow belly male ball  by deadmouze   pets reptiles pet  
4,  join stream live how fast do i type  technology projects  
4,a simple guide to calculate the hoekbrown failure criteria in   geology and    
4,jupyter notebooks are breathtakingly featureless  use jupyter lab  rstats  
4,  from  debugging keras networks  keras  deeplearning tensorflow 
4,from  debugging keras networks  keras  deeplearning tensorflow 
4,  people want to use  because of its intuitiveness beauty philosophy and readability pydata  
4,people want to use  because of its intuitiveness beauty philosophy and readability pydata  
4,how  generators are similar to iterators     submitted by   uaksharraajlink   comments 
4,"  great graph gallery in  dataviz  
 "
4,  running selenium webdriver in chrome browser  via   chrome firefox ie goo 
4,running selenium webdriver in chrome browser  via   chrome firefox ie google tutorial 
4,  careful with that pypi by    pypi 
4,  nice azureml azuresqldb  performance prediction  with massive datasqlpass with  axuremlworkbench passsummit 
4,  do you want to  contributing in  opensource community here is some good advice for that  
4,"install anaconda  on ubuntu   linuxhint
 "
4,  ei seek an experienced software developer to join  group apply before  nov java c   
4,"this will get you the  hierarchy
dont forget
gtgtgt  builtins inspect pydoc
gtgtgt td  pydoctextdoc  "
4,"  javascript and jquery basics for beginners
 java angular rubyonrails php  javascr "
4,sensorhub  the iot universal  javascript   
4,"  learn how to build a website with jquery
 java angular rubyonrails php  javascrip "
4,  flowight  flowers lines  generative geometric   bot  
4,flowight  flowers lines  generative geometric   bot  
4,nice azureml azuresqldb  performance prediction  with massive datasqlpass with  axuremlworkbench  
4,the latest the schoolcoders daily  thanks to      
4,the hugo theme gallery is nice  maybe must be have a similar one staticgen go  
4,  conx a simple  deeplearning library by  built on top of keras  considerable 
4,conx a simple  deeplearning library by  built on top of keras  considerable potential  education 
4,  advanced ansible tutorial  ansible devops software  business howto automation futu 
4,"  we are very excited to announce our first  flask course on udemy

check it out here 
 https "
4,  hiring system validation engineer  iii to apply click   validation perl  
4,  were looking for a senior softwaredeveloper  etlprocessing clojure  linux aws on 
